title	release date
Bullet Train	2022-08-03
Nope	2022-08-10
One Piece Film - Red	2022-08-10
Vesper Chronicles	2022-08-17
De l'autre côté du ciel	2022-08-17
Là où chantent les écrevisses	2022-08-17
La Nuit du 12	2022-07-13
Top Gun: Maverick	2022-05-25
L'Année du requin	2022-08-03
As bestas	2022-07-20
Trois Mille ans à t’attendre	2022-08-24
Esther 2 : Les Origines	2022-08-17
La très très grande classe	2022-08-10
Les Volets verts	2022-08-24
Prey	2022-08-05
Rumba la vie	2022-08-24
Krypto et les Super-Animaux	2022-07-27
Thor: Love And Thunder	2022-07-13
Beast	2022-08-24
Le Bal de l'Enfer	2022-08-24
Les Minions 2 : Il était une fois Gru	2022-07-06
Leila et ses frères	
Elvis	2022-06-22
Les Vieux fourneaux 2 : bons pour l’asile	2022-08-17
Rebel	2022-08-31
La Page blanche	2022-08-31
Everything Everywhere All at Once	2022-08-31
La Dégustation	2022-08-31
Les Cinq Diables	2022-08-31
Menteur	2022-07-13
Tad l'explorateur et la table d'émeraude	2022-08-24
Nos cœurs meurtris	2022-07-29
Sundown	2022-07-27
Dodo	2022-08-10
Avec amour et acharnement	2022-08-31
Treize vies	2022-08-05
Decision To Leave	2022-06-29
La Dérive des continents (au sud)	2022-08-24
Ducobu Président !	2022-07-13
Jurassic World: Le Monde d'après	2022-06-08
The Gray Man	2022-07-22
La Verónica	2022-08-17
Le Samaritain	2022-08-26
Les Nuits de Mashhad	2022-07-13
La Petite Bande	2022-07-20
Buzz l'éclair	2022-06-22
Day Shift	2022-08-12
Joyeuse retraite 2	2022-07-20
Les Promesses d’Hasan	2022-08-03
Walter	2019-03-20
Tempura	2022-07-20
Stillwater	2021-09-22
Black Phone	2022-06-22
Pourris gâtés	2021-09-15
En corps	2022-03-30
En décalage	2022-08-03
Wild Men	2022-08-24
Qu'est-ce qu'on a tous fait au Bon Dieu ?	2022-04-06
La Momie	2017-06-14
Les Derniers jours dans le désert	2022-08-17
The Sadness	2022-07-06
Les Traducteurs	2020-01-29
365 Jours : L'Année d'Après	2022-08-19
Selfie	2020-01-15
Pupille	2018-12-05
Amants super-héroïques	2022-08-03
Carter	2022-08-05
Two Lovers	2008-11-19
America Latina	2022-08-17
Irréductible	2022-06-29
Memories	1997-04-15
Laal Singh Chaddha	2022-08-11
La Traversée	2022-06-29
Rifkin's Festival	2022-07-13
Costa Brava, Lebanon	2022-07-27
Des Feux dans la nuit	2022-08-03
Gerry	2003-11-11
Mia et moi, L’Héroïne de Centopia	2022-07-20
Les SEGPA	2022-04-20
Une Vie ou l'Autre	2022-08-17
The Batman	2022-03-02
Top Gun	1986-09-17
Qiu Ju, une femme chinoise	1992-12-09
Rashômon	1952-04-18
Luck	2022-08-05
Les Animaux Fantastiques : les Secrets de Dumbledore	2022-04-13
The Innocents	2022-02-09
Un homme à la hauteur	2016-05-04
Memory	2022-07-29
365 Dni	2020-06-26
Mi iubita mon amour	2022-07-27
Last Seen Alive	2022-08-01
Incantation	2022-07-08
Vol au-dessus d'un nid de coucou	1976-03-01
Les Méchants	2021-09-08
Doctor Strange in the Multiverse of Madness	2022-05-04
Un jour sans fin	1993-07-28
Le Dindon	2019-09-25
Swimming Pool	2003-05-21
Encanto, la fantastique famille Madrigal	2021-11-24
Esther	2009-12-30
La Chair de l'orchidée	1975-02-01
Peter von Kant	2022-07-06
Le Rapport Auschwitz	2022-07-27
Avatar	2009-12-16
